<application>
  <component name="PostfixTemplates">
    <template id="type@userDefined" key=".type" provider="builtin.js" language-level="ES6" topmost="false">
      <conditions />
      <template name="fakeKey" value="type $EXPR$ = { &#10;$END$&#10;}" toReformat="true" toShortenFQNames="true" />
    </template>
    <template id="destructurize@userDefined" key=".destruct" provider="builtin.js" language-level="ES5" topmost="false">
      <conditions />
      <template name="fakeKey" value="const {$END$} = $EXPR$" toReformat="true" toShortenFQNames="true" />
    </template>
    <template id="com.intellij.lang.javascript.template.postfix.JSIntroduceVarPostfixTemplate#.var" key="._NOOP" provider="builtin.js" builtin="com.intellij.lang.javascript.template.postfix.JSIntroduceVarPostfixTemplate#.var" />
    <template id="com.intellij.lang.javascript.template.postfix.JSArgumentPostfixTemplate#.arg" key="._NOOP" provider="builtin.js" builtin="com.intellij.lang.javascript.template.postfix.JSArgumentPostfixTemplate#.arg" />
    <template id="com.intellij.lang.javascript.template.postfix.JSIfInstanceOfPostfixTemplate#.instanceof" key="._NOOP" provider="builtin.js" builtin="com.intellij.lang.javascript.template.postfix.JSIfInstanceOfPostfixTemplate#.instanceof" />
    <template id="interface@userDefined" key=".interface" provider="builtin.js" language-level="ES5" topmost="false">
      <conditions />
      <template name="fakeKey" value="interface $EXPR$ {&#10; $END$&#10;}" toReformat="true" toShortenFQNames="true" />
    </template>
    <template id="com.intellij.lang.javascript.template.postfix.JSNotExpressionPostfixTemplate#.not" key="._NOOP" provider="builtin.js" builtin="com.intellij.lang.javascript.template.postfix.JSNotExpressionPostfixTemplate#.not" />
    <template id="map@userDefined" key=".map" provider="builtin.js" language-level="ES6" topmost="false">
      <conditions />
      <template name="fakeKey" value="$EXPR$.map((element, $END$) =&gt; &lt;&gt;element&lt;/&gt;))" toReformat="true" toShortenFQNames="true" />
    </template>
    <template id="com.intellij.lang.javascript.template.postfix.JSUndefPostfixTemplate#.undef" key="._NOOP" provider="builtin.js" builtin="com.intellij.lang.javascript.template.postfix.JSUndefPostfixTemplate#.undef" />
    <template id="com.intellij.lang.javascript.template.postfix.JSDForOfPostfixTemplate#.dforof" key="._NOOP" provider="builtin.js" builtin="com.intellij.lang.javascript.template.postfix.JSDForOfPostfixTemplate#.dforof" />
    <template id="com.intellij.lang.javascript.template.postfix.JSForIndexedPostfixTemplate#.fori" key="._NOOP" provider="builtin.js" builtin="com.intellij.lang.javascript.template.postfix.JSForIndexedPostfixTemplate#.fori" />
    <template id="com.intellij.lang.javascript.template.postfix.JSIfTypeOfPostfixTemplate#.typeofif" key="._NOOP" provider="builtin.js" builtin="com.intellij.lang.javascript.template.postfix.JSIfTypeOfPostfixTemplate#.typeofif" />
    <template id="com.intellij.lang.javascript.template.postfix.JSForIndexedReversedPostfixTemplate#.forr" key="._NOOP" provider="builtin.js" builtin="com.intellij.lang.javascript.template.postfix.JSForIndexedReversedPostfixTemplate#.forr" />
    <template id="com.intellij.lang.javascript.template.postfix.JSDestructAllPostfixTemplate#.destructAll" key="._NOOP" provider="builtin.js" builtin="com.intellij.lang.javascript.template.postfix.JSDestructAllPostfixTemplate#.destructAll" />
    <template id="com.intellij.lang.javascript.template.postfix.JSDestructPostfixTemplate#.destruct" key="._NOOP" provider="builtin.js" builtin="com.intellij.lang.javascript.template.postfix.JSDestructPostfixTemplate#.destruct" />
    <template id="com.intellij.lang.javascript.template.postfix.JSForInPostfixTemplate#.itin" key="._NOOP" provider="builtin.js" builtin="com.intellij.lang.javascript.template.postfix.JSForInPostfixTemplate#.itin" />
    <template id="com.intellij.lang.javascript.template.postfix.JSReturnStatementPostfixTemplate#.return" key="._NOOP" provider="builtin.js" builtin="com.intellij.lang.javascript.template.postfix.JSReturnStatementPostfixTemplate#.return" />
    <template id="com.intellij.lang.javascript.template.postfix.JSForInPostfixTemplate#.forin" key="._NOOP" provider="builtin.js" builtin="com.intellij.lang.javascript.template.postfix.JSForInPostfixTemplate#.forin" />
    <template id="comment@userDefined" key=".comment" provider="builtin.js" language-level="ES6" topmost="false">
      <conditions />
      <template name="fakeKey" value="// $EXPR$ $END$" toReformat="true" toShortenFQNames="true" />
    </template>
    <template id="pick@userDefined" key=".pick" provider="builtin.js" language-level="ES6" topmost="false">
      <conditions />
      <template name="fakeKey" value="type $TEST$ = Pick&lt;$EXPR$, '$END$'&gt; " toReformat="true" toShortenFQNames="true" />
    </template>
    <template id="com.intellij.lang.javascript.template.postfix.JSAwaitPostfixTemplate#.await" key="._NOOP" provider="builtin.js" builtin="com.intellij.lang.javascript.template.postfix.JSAwaitPostfixTemplate#.await" />
    <template id="com.intellij.lang.javascript.template.postfix.JSForOfPostfixTemplate#.forof" key="._NOOP" provider="builtin.js" builtin="com.intellij.lang.javascript.template.postfix.JSForOfPostfixTemplate#.forof" />
    <template id="com.intellij.lang.javascript.template.postfix.JSTypeOfExpressionPostfixTemplate#.typeof" key="._NOOP" provider="builtin.js" builtin="com.intellij.lang.javascript.template.postfix.JSTypeOfExpressionPostfixTemplate#.typeof" />
    <template id="com.intellij.lang.javascript.template.postfix.JSParenthesizedPostfixTemplate#.par" key="._NOOP" provider="builtin.js" builtin="com.intellij.lang.javascript.template.postfix.JSParenthesizedPostfixTemplate#.par" />
  </component>
</application>