<application>
  <component name="FileTypeManager" version="19">
    <extensionMap>
      <mapping pattern="org-chart-json" type="AUTO_DETECTED" />
      <mapping pattern=".env.example" type="PLAIN_TEXT" />
      <mapping pattern=".npmingore" type="PLAIN_TEXT" />
      <removed_mapping ext="dockerignore" approved="true" type="DockerIgnore file" />
      <removed_mapping ext="ignore" approved="true" type="IgnoreLang file" />
      <removed_mapping pattern=".env" approved="true" type=".env file" />
    </extensionMap>
  </component>
</application>